{"mmap": [43.07419788933306, 46.01937175193393, 47.360858657698905, 48.401189448648815, 49.017366020367135, 49.427766941556484, 49.57590139071838, 49.814187668915125, 50.07659666575461, 50.38967438563571, 50.45873856957617, 50.84903075071045, 50.95865944013015, 50.96245822166586, 51.01131296439748, 51.11348427970702, 51.18449941861384, 51.17658574754541, 51.26828908536372, 51.26467348941058, 51.23607107291484], "std": [0.0, 0.1450427327928529, 0.27988106011083075, 0.2513461928444948, 0.11469512650268623, 0.1486622258299795, 0.18155890136542724, 0.08837455564422014, 0.26995135922174074, 0.3089961370693644, 0.39672800021133625, 0.1375431141753685, 0.09646018678840124, 0.227132146448942, 0.2501174929587966, 0.10840006944863943, 0.12623217937014902, 0.1516000738050375, 0.14113618422175145, 0.08580474343901806, 0.17053709146544577]}