{"mmap": [49.62731109375084, 51.86139827792208, 53.00436013885942, 53.70321303598153, 53.999437709676236, 54.209533875998076, 54.349381730269855, 54.546710175743634, 54.83970396725215, 55.17290646090729, 55.343747310880715, 55.463360980220145, 55.533406658620855, 55.66670268504689, 55.884177382863314, 55.961320726047504, 56.07002343618308, 56.15150999169198, 56.346755068331674, 56.60797381336732, 56.64226346565255], "std": [0.0, 0.05334855950663351, 0.2464693255554183, 0.18650932132322798, 0.12783692374608266, 0.1912087476749551, 0.16504897076564656, 0.25828776865531616, 0.23040822834164296, 0.20757229871840696, 0.2908768565307736, 0.2590289723675444, 0.2502623687236502, 0.1936632379373528, 0.24403128167618543, 0.40451681696996034, 0.2374111513206408, 0.13122929596065286, 0.21355848797126167, 0.24800032430121807, 0.17338124310893374]}