{"mmap": [47.65274001231701, 53.65843217853834, 55.555262151038576, 57.26189648964521, 57.9381618660376, 58.69390707342245, 59.396759338459006, 60.11500374557214, 60.46856678590615, 60.92357538819628, 61.29021329300368, 61.411749869226654, 61.412755697007015, 61.689659797735814, 61.94282454447406, 62.20474807611813, 62.390036753611284, 62.461300582382435, 62.53746082286371, 62.50747137791124, 62.652621229349826], "std": [0.0, 0.43011016794008716, 0.3270174729719091, 0.3357643068598858, 0.2727303218470001, 0.5153458573368552, 0.7865584262871876, 0.5252722087477517, 0.5223940389289325, 0.23255036568699522, 0.41488937734847514, 0.3693480674208867, 0.5298654026972778, 0.5264713167096946, 0.36593755042519804, 0.22970186655920044, 0.15327077166513742, 0.14257982406845757, 0.07360764822054061, 0.22415283428174612, 0.09235020743739557]}