{
    "mmap": 
[
      48.39306135959003,
      48.75130603424012,
      48.96142923190867,
      48.96964734452726,
      48.9112056926232,
      49.06211760585093,
      49.13434129552034,
      49.2208763200108,
      49.260775287864206,
      49.38861462195754,
      49.336547332497325,
      49.39742080483569,
      49.384662423292625,
      49.469211860269425,
      49.625252222572854,
      49.71584628793944,
      49.69173216540121,
      49.71824285614162,
      49.74852805543099,
      49.73442016195798
    ],
    "std": 
[
      0.5128879211910399,
      0.4068481013245095,
      0.2414223209412511,
      0.31251537781841343,
      0.2558772107534739,
      0.4288838846993901,
      0.36232448841176457,
      0.2921491487894763,
      0.2535357863326725,
      0.34514349017044,
      0.40458484091640257,
      0.38820355505308674,
      0.2906965797795224,
      0.25159215777499977,
      0.15465612803582496,
      0.21284030640967708,
      0.2530651164905841,
      0.25190496176111565,
      0.2626746122125885,
      0.22506684216601458
    ]
  }
