{"point_0": {"map": [79.8524700606589, 33.746015216027686, 24.484763102185624, 46.12441239876057, 51.50821236293995, 57.925536452913526, 55.05600617421093, 33.00693731406156, 47.713044135219846], "tp": [2045.0, 236.0, 11714.0, 2554.0, 5487.0, 1253.0, 432.0, 46.0, 2970.875], "fp": [4744.0, 12949.0, 23969.0, 15437.0, 12586.0, 5434.0, 4239.0, 1734.0, 10136.5]}, "point_1": {"map": [79.8524700606589, 33.746015216027686, 24.484763102185624, 46.12441239876057, 51.50821236293995, 57.925536452913526, 55.05600617421093, 33.00693731406156, 47.713044135219846], "tp": [2045.0, 236.0, 11714.0, 2554.0, 5487.0, 1253.0, 432.0, 46.0, 2970.875], "fp": [4744.0, 12949.0, 23969.0, 15437.0, 12586.0, 5434.0, 4239.0, 1734.0, 10136.5]}, "point_2": {"map": [79.8524700606589, 33.746015216027686, 24.484763102185624, 46.12441239876057, 51.50821236293995, 57.925536452913526, 55.05600617421093, 33.00693731406156, 47.713044135219846], "tp": [2045.0, 236.0, 11714.0, 2554.0, 5487.0, 1253.0, 432.0, 46.0, 2970.875], "fp": [4744.0, 12949.0, 23969.0, 15437.0, 12586.0, 5434.0, 4239.0, 1734.0, 10136.5]}, "point_3": {"map": [79.8524700606589, 33.746015216027686, 24.484763102185624, 46.12441239876057, 51.50821236293995, 57.925536452913526, 55.05600617421093, 33.00693731406156, 47.713044135219846], "tp": [2045.0, 236.0, 11714.0, 2554.0, 5487.0, 1253.0, 432.0, 46.0, 2970.875], "fp": [4744.0, 12949.0, 23969.0, 15437.0, 12586.0, 5434.0, 4239.0, 1734.0, 10136.5]}, "point_4": {"map": [79.8524700606589, 33.746015216027686, 24.484763102185624, 46.12441239876057, 51.50821236293995, 57.925536452913526, 55.05600617421093, 33.00693731406156, 47.713044135219846], "tp": [2045.0, 236.0, 11714.0, 2554.0, 5487.0, 1253.0, 432.0, 46.0, 2970.875], "fp": [4744.0, 12949.0, 23969.0, 15437.0, 12586.0, 5434.0, 4239.0, 1734.0, 10136.5]}, "point_5": {"map": [79.8524700606589, 33.746015216027686, 24.484763102185624, 46.12441239876057, 51.50821236293995, 57.925536452913526, 55.05600617421093, 33.00693731406156, 47.713044135219846], "tp": [2045.0, 236.0, 11714.0, 2554.0, 5487.0, 1253.0, 432.0, 46.0, 2970.875], "fp": [4744.0, 12949.0, 23969.0, 15437.0, 12586.0, 5434.0, 4239.0, 1734.0, 10136.5]}, "point_6": {"map": [79.8524700606589, 33.746015216027686, 24.484763102185624, 46.12441239876057, 51.50821236293995, 57.925536452913526, 55.05600617421093, 33.00693731406156, 47.713044135219846], "tp": [2045.0, 236.0, 11714.0, 2554.0, 5487.0, 1253.0, 432.0, 46.0, 2970.875], "fp": [4744.0, 12949.0, 23969.0, 15437.0, 12586.0, 5434.0, 4239.0, 1734.0, 10136.5]}, "point_7": {"map": [79.8524700606589, 33.746015216027686, 24.484763102185624, 46.12441239876057, 51.50821236293995, 57.925536452913526, 55.05600617421093, 33.00693731406156, 47.713044135219846], "tp": [2045.0, 236.0, 11714.0, 2554.0, 5487.0, 1253.0, 432.0, 46.0, 2970.875], "fp": [4744.0, 12949.0, 23969.0, 15437.0, 12586.0, 5434.0, 4239.0, 1734.0, 10136.5]}, "point_8": {"map": [79.8524700606589, 33.746015216027686, 24.484763102185624, 46.12441239876057, 51.50821236293995, 57.925536452913526, 55.05600617421093, 33.00693731406156, 47.713044135219846], "tp": [2045.0, 236.0, 11714.0, 2554.0, 5487.0, 1253.0, 432.0, 46.0, 2970.875], "fp": [4744.0, 12949.0, 23969.0, 15437.0, 12586.0, 5434.0, 4239.0, 1734.0, 10136.5]}, "point_9": {"map": [79.8524700606589, 33.746015216027686, 24.484763102185624, 46.12441239876057, 51.50821236293995, 57.925536452913526, 55.05600617421093, 33.00693731406156, 47.713044135219846], "tp": [2045.0, 236.0, 11714.0, 2554.0, 5487.0, 1253.0, 432.0, 46.0, 2970.875], "fp": [4744.0, 12949.0, 23969.0, 15437.0, 12586.0, 5434.0, 4239.0, 1734.0, 10136.5]}, "point_10": {"map": [79.8524700606589, 33.746015216027686, 24.484763102185624, 46.12441239876057, 51.50821236293995, 57.925536452913526, 55.05600617421093, 33.00693731406156, 47.713044135219846], "tp": [2045.0, 236.0, 11714.0, 2554.0, 5487.0, 1253.0, 432.0, 46.0, 2970.875], "fp": [4744.0, 12949.0, 23969.0, 15437.0, 12586.0, 5434.0, 4239.0, 1734.0, 10136.5]}, "point_11": {"map": [79.8524700606589, 33.746015216027686, 24.484763102185624, 46.12441239876057, 51.50821236293995, 57.925536452913526, 55.05600617421093, 33.00693731406156, 47.713044135219846], "tp": [2045.0, 236.0, 11714.0, 2554.0, 5487.0, 1253.0, 432.0, 46.0, 2970.875], "fp": [4744.0, 12949.0, 23969.0, 15437.0, 12586.0, 5434.0, 4239.0, 1734.0, 10136.5]}, "point_12": {"map": [79.8524700606589, 33.746015216027686, 24.484763102185624, 46.12441239876057, 51.50821236293995, 57.925536452913526, 55.05600617421093, 33.00693731406156, 47.713044135219846], "tp": [2045.0, 236.0, 11714.0, 2554.0, 5487.0, 1253.0, 432.0, 46.0, 2970.875], "fp": [4744.0, 12949.0, 23969.0, 15437.0, 12586.0, 5434.0, 4239.0, 1734.0, 10136.5]}, "point_13": {"map": [79.8524700606589, 33.746015216027686, 24.484763102185624, 46.12441239876057, 51.50821236293995, 57.925536452913526, 55.05600617421093, 33.00693731406156, 47.713044135219846], "tp": [2045.0, 236.0, 11714.0, 2554.0, 5487.0, 1253.0, 432.0, 46.0, 2970.875], "fp": [4744.0, 12949.0, 23969.0, 15437.0, 12586.0, 5434.0, 4239.0, 1734.0, 10136.5]}, "point_14": {"map": [79.8524700606589, 33.746015216027686, 24.484763102185624, 46.12441239876057, 51.50821236293995, 57.925536452913526, 55.05600617421093, 33.00693731406156, 47.713044135219846], "tp": [2045.0, 236.0, 11714.0, 2554.0, 5487.0, 1253.0, 432.0, 46.0, 2970.875], "fp": [4744.0, 12949.0, 23969.0, 15437.0, 12586.0, 5434.0, 4239.0, 1734.0, 10136.5]}, "point_15": {"map": [79.8524700606589, 33.746015216027686, 24.484763102185624, 46.12441239876057, 51.50821236293995, 57.925536452913526, 55.05600617421093, 33.00693731406156, 47.713044135219846], "tp": [2045.0, 236.0, 11714.0, 2554.0, 5487.0, 1253.0, 432.0, 46.0, 2970.875], "fp": [4744.0, 12949.0, 23969.0, 15437.0, 12586.0, 5434.0, 4239.0, 1734.0, 10136.5]}, "point_16": {"map": [79.8524700606589, 33.746015216027686, 24.484763102185624, 46.12441239876057, 51.50821236293995, 57.925536452913526, 55.05600617421093, 33.00693731406156, 47.713044135219846], "tp": [2045.0, 236.0, 11714.0, 2554.0, 5487.0, 1253.0, 432.0, 46.0, 2970.875], "fp": [4744.0, 12949.0, 23969.0, 15437.0, 12586.0, 5434.0, 4239.0, 1734.0, 10136.5]}, "point_17": {"map": [79.8524700606589, 33.746015216027686, 24.484763102185624, 46.12441239876057, 51.50821236293995, 57.925536452913526, 55.05600617421093, 33.00693731406156, 47.713044135219846], "tp": [2045.0, 236.0, 11714.0, 2554.0, 5487.0, 1253.0, 432.0, 46.0, 2970.875], "fp": [4744.0, 12949.0, 23969.0, 15437.0, 12586.0, 5434.0, 4239.0, 1734.0, 10136.5]}, "point_18": {"map": [79.8524700606589, 33.746015216027686, 24.484763102185624, 46.12441239876057, 51.50821236293995, 57.925536452913526, 55.05600617421093, 33.00693731406156, 47.713044135219846], "tp": [2045.0, 236.0, 11714.0, 2554.0, 5487.0, 1253.0, 432.0, 46.0, 2970.875], "fp": [4744.0, 12949.0, 23969.0, 15437.0, 12586.0, 5434.0, 4239.0, 1734.0, 10136.5]}, "point_19": {"map": [79.8524700606589, 33.746015216027686, 24.484763102185624, 46.12441239876057, 51.50821236293995, 57.925536452913526, 55.05600617421093, 33.00693731406156, 47.713044135219846], "tp": [2045.0, 236.0, 11714.0, 2554.0, 5487.0, 1253.0, 432.0, 46.0, 2970.875], "fp": [4744.0, 12949.0, 23969.0, 15437.0, 12586.0, 5434.0, 4239.0, 1734.0, 10136.5]}, "point_20": {"map": [79.8524700606589, 33.746015216027686, 24.484763102185624, 46.12441239876057, 51.50821236293995, 57.925536452913526, 55.05600617421093, 33.00693731406156, 47.713044135219846], "tp": [2045.0, 236.0, 11714.0, 2554.0, 5487.0, 1253.0, 432.0, 46.0, 2970.875], "fp": [4744.0, 12949.0, 23969.0, 15437.0, 12586.0, 5434.0, 4239.0, 1734.0, 10136.5]}}