{"mmap": [54.03592924286361, 57.31819344500925, 58.63040458237074, 59.2458038780252, 60.04216502667565, 60.62102914909639, 61.00265375835106, 61.29886591243699, 61.60149379040198, 61.77356256219548, 61.91843763153922, 62.0484279364948, 62.17326181668001, 62.28541448609501, 62.373201591098095, 62.75455119677586, 63.04039332401466, 63.16468616096422, 63.268082688528885, 63.378153055785546, 63.49741253479614], "std": [7.105427357601002e-15, 0.39151891734030886, 0.1595508265701585, 0.09168400934063645, 0.2636065336737216, 0.12935885853846107, 0.11949845940394503, 0.1401311780772877, 0.1334844532841349, 0.12491104806575277, 0.09120013379808156, 0.10311059872904042, 0.13101638097956272, 0.08348435537620408, 0.09974820582260674, 0.3651244111411791, 0.160087942724211, 0.144159793044751, 0.13479768479640292, 0.10917537611557258, 0.08932600543947446]}