{"point_0": {"map": [80.01063624487115, 36.56953643288664, 40.73426526776401, 66.74066141521699, 79.37107451960495, 66.18956761989305, 55.98110858909331, 57.774780927165494, 60.421453877061936], "tp": [2077.0, 237.0, 16832.0, 3423.0, 7773.0, 1404.0, 439.0, 52.0, 4029.625], "fp": [1393.0, 3280.0, 17786.0, 9522.0, 6277.0, 1960.0, 1455.0, 274.0, 5243.375]}, "point_1": {"map": [80.01063624487115, 36.56953643288664, 40.73426526776401, 66.74066141521699, 79.37107451960495, 66.18956761989305, 55.98110858909331, 57.774780927165494, 60.421453877061936], "tp": [2077.0, 237.0, 16832.0, 3423.0, 7773.0, 1404.0, 439.0, 52.0, 4029.625], "fp": [1393.0, 3280.0, 17786.0, 9522.0, 6277.0, 1960.0, 1455.0, 274.0, 5243.375]}, "point_2": {"map": [80.01063624487115, 36.56953643288664, 40.73426526776401, 66.74066141521699, 79.37107451960495, 66.18956761989305, 55.98110858909331, 57.774780927165494, 60.421453877061936], "tp": [2077.0, 237.0, 16832.0, 3423.0, 7773.0, 1404.0, 439.0, 52.0, 4029.625], "fp": [1393.0, 3280.0, 17786.0, 9522.0, 6277.0, 1960.0, 1455.0, 274.0, 5243.375]}, "point_3": {"map": [80.01063624487115, 36.56953643288664, 40.73426526776401, 66.74066141521699, 79.37107451960495, 66.18956761989305, 55.98110858909331, 57.774780927165494, 60.421453877061936], "tp": [2077.0, 237.0, 16832.0, 3423.0, 7773.0, 1404.0, 439.0, 52.0, 4029.625], "fp": [1393.0, 3280.0, 17786.0, 9522.0, 6277.0, 1960.0, 1455.0, 274.0, 5243.375]}, "point_4": {"map": [80.01063624487115, 36.56953643288664, 40.73426526776401, 66.74066141521699, 79.37107451960495, 66.18956761989305, 55.98110858909331, 57.774780927165494, 60.421453877061936], "tp": [2077.0, 237.0, 16832.0, 3423.0, 7773.0, 1404.0, 439.0, 52.0, 4029.625], "fp": [1393.0, 3280.0, 17786.0, 9522.0, 6277.0, 1960.0, 1455.0, 274.0, 5243.375]}, "point_5": {"map": [80.01063624487115, 36.56953643288664, 40.73426526776401, 66.74066141521699, 79.37107451960495, 66.18956761989305, 55.98110858909331, 57.774780927165494, 60.421453877061936], "tp": [2077.0, 237.0, 16832.0, 3423.0, 7773.0, 1404.0, 439.0, 52.0, 4029.625], "fp": [1393.0, 3280.0, 17786.0, 9522.0, 6277.0, 1960.0, 1455.0, 274.0, 5243.375]}, "point_6": {"map": [80.01063624487115, 36.56953643288664, 40.73426526776401, 66.74066141521699, 79.37107451960495, 66.18956761989305, 55.98110858909331, 57.774780927165494, 60.421453877061936], "tp": [2077.0, 237.0, 16832.0, 3423.0, 7773.0, 1404.0, 439.0, 52.0, 4029.625], "fp": [1393.0, 3280.0, 17786.0, 9522.0, 6277.0, 1960.0, 1455.0, 274.0, 5243.375]}, "point_7": {"map": [80.01063624487115, 36.56953643288664, 40.73426526776401, 66.74066141521699, 79.37107451960495, 66.18956761989305, 55.98110858909331, 57.774780927165494, 60.421453877061936], "tp": [2077.0, 237.0, 16832.0, 3423.0, 7773.0, 1404.0, 439.0, 52.0, 4029.625], "fp": [1393.0, 3280.0, 17786.0, 9522.0, 6277.0, 1960.0, 1455.0, 274.0, 5243.375]}, "point_8": {"map": [80.01063624487115, 36.56953643288664, 40.73426526776401, 66.74066141521699, 79.37107451960495, 66.18956761989305, 55.98110858909331, 57.774780927165494, 60.421453877061936], "tp": [2077.0, 237.0, 16832.0, 3423.0, 7773.0, 1404.0, 439.0, 52.0, 4029.625], "fp": [1393.0, 3280.0, 17786.0, 9522.0, 6277.0, 1960.0, 1455.0, 274.0, 5243.375]}, "point_9": {"map": [80.01063624487115, 36.56953643288664, 40.73426526776401, 66.74066141521699, 79.37107451960495, 66.18956761989305, 55.98110858909331, 57.774780927165494, 60.421453877061936], "tp": [2077.0, 237.0, 16832.0, 3423.0, 7773.0, 1404.0, 439.0, 52.0, 4029.625], "fp": [1393.0, 3280.0, 17786.0, 9522.0, 6277.0, 1960.0, 1455.0, 274.0, 5243.375]}, "point_10": {"map": [80.01063624487115, 36.56953643288664, 40.73426526776401, 66.74066141521699, 79.37107451960495, 66.18956761989305, 55.98110858909331, 57.774780927165494, 60.421453877061936], "tp": [2077.0, 237.0, 16832.0, 3423.0, 7773.0, 1404.0, 439.0, 52.0, 4029.625], "fp": [1393.0, 3280.0, 17786.0, 9522.0, 6277.0, 1960.0, 1455.0, 274.0, 5243.375]}, "point_11": {"map": [80.01063624487115, 36.56953643288664, 40.73426526776401, 66.74066141521699, 79.37107451960495, 66.18956761989305, 55.98110858909331, 57.774780927165494, 60.421453877061936], "tp": [2077.0, 237.0, 16832.0, 3423.0, 7773.0, 1404.0, 439.0, 52.0, 4029.625], "fp": [1393.0, 3280.0, 17786.0, 9522.0, 6277.0, 1960.0, 1455.0, 274.0, 5243.375]}, "point_12": {"map": [80.01063624487115, 36.56953643288664, 40.73426526776401, 66.74066141521699, 79.37107451960495, 66.18956761989305, 55.98110858909331, 57.774780927165494, 60.421453877061936], "tp": [2077.0, 237.0, 16832.0, 3423.0, 7773.0, 1404.0, 439.0, 52.0, 4029.625], "fp": [1393.0, 3280.0, 17786.0, 9522.0, 6277.0, 1960.0, 1455.0, 274.0, 5243.375]}, "point_13": {"map": [80.01063624487115, 36.56953643288664, 40.73426526776401, 66.74066141521699, 79.37107451960495, 66.18956761989305, 55.98110858909331, 57.774780927165494, 60.421453877061936], "tp": [2077.0, 237.0, 16832.0, 3423.0, 7773.0, 1404.0, 439.0, 52.0, 4029.625], "fp": [1393.0, 3280.0, 17786.0, 9522.0, 6277.0, 1960.0, 1455.0, 274.0, 5243.375]}, "point_14": {"map": [80.01063624487115, 36.56953643288664, 40.73426526776401, 66.74066141521699, 79.37107451960495, 66.18956761989305, 55.98110858909331, 57.774780927165494, 60.421453877061936], "tp": [2077.0, 237.0, 16832.0, 3423.0, 7773.0, 1404.0, 439.0, 52.0, 4029.625], "fp": [1393.0, 3280.0, 17786.0, 9522.0, 6277.0, 1960.0, 1455.0, 274.0, 5243.375]}, "point_15": {"map": [80.01063624487115, 36.56953643288664, 40.73426526776401, 66.74066141521699, 79.37107451960495, 66.18956761989305, 55.98110858909331, 57.774780927165494, 60.421453877061936], "tp": [2077.0, 237.0, 16832.0, 3423.0, 7773.0, 1404.0, 439.0, 52.0, 4029.625], "fp": [1393.0, 3280.0, 17786.0, 9522.0, 6277.0, 1960.0, 1455.0, 274.0, 5243.375]}, "point_16": {"map": [80.01063624487115, 36.56953643288664, 40.73426526776401, 66.74066141521699, 79.37107451960495, 66.18956761989305, 55.98110858909331, 57.774780927165494, 60.421453877061936], "tp": [2077.0, 237.0, 16832.0, 3423.0, 7773.0, 1404.0, 439.0, 52.0, 4029.625], "fp": [1393.0, 3280.0, 17786.0, 9522.0, 6277.0, 1960.0, 1455.0, 274.0, 5243.375]}, "point_17": {"map": [80.01063624487115, 36.56953643288664, 40.73426526776401, 66.74066141521699, 79.37107451960495, 66.18956761989305, 55.98110858909331, 57.774780927165494, 60.421453877061936], "tp": [2077.0, 237.0, 16832.0, 3423.0, 7773.0, 1404.0, 439.0, 52.0, 4029.625], "fp": [1393.0, 3280.0, 17786.0, 9522.0, 6277.0, 1960.0, 1455.0, 274.0, 5243.375]}, "point_18": {"map": [80.01063624487115, 36.56953643288664, 40.73426526776401, 66.74066141521699, 79.37107451960495, 66.18956761989305, 55.98110858909331, 57.774780927165494, 60.421453877061936], "tp": [2077.0, 237.0, 16832.0, 3423.0, 7773.0, 1404.0, 439.0, 52.0, 4029.625], "fp": [1393.0, 3280.0, 17786.0, 9522.0, 6277.0, 1960.0, 1455.0, 274.0, 5243.375]}, "point_19": {"map": [80.01063624487115, 36.56953643288664, 40.73426526776401, 66.74066141521699, 79.37107451960495, 66.18956761989305, 55.98110858909331, 57.774780927165494, 60.421453877061936], "tp": [2077.0, 237.0, 16832.0, 3423.0, 7773.0, 1404.0, 439.0, 52.0, 4029.625], "fp": [1393.0, 3280.0, 17786.0, 9522.0, 6277.0, 1960.0, 1455.0, 274.0, 5243.375]}, "point_20": {"map": [80.01063624487115, 36.56953643288664, 40.73426526776401, 66.74066141521699, 79.37107451960495, 66.18956761989305, 55.98110858909331, 57.774780927165494, 60.421453877061936], "tp": [2077.0, 237.0, 16832.0, 3423.0, 7773.0, 1404.0, 439.0, 52.0, 4029.625], "fp": [1393.0, 3280.0, 17786.0, 9522.0, 6277.0, 1960.0, 1455.0, 274.0, 5243.375]}}