{"mmap": [60.52992405283537, 62.62842187765526, 63.623999566037774, 64.0717267533176, 64.37277371550631, 64.53219519823446, 64.82949192870359, 65.23303035224328, 65.37511499256212, 65.4998153480015, 65.57317730880695, 65.69447727412538, 65.77636503162776, 65.86587193521513, 65.96239861602794, 66.04821111673434, 66.11889285888321, 66.15747685735474, 66.27215716781356, 66.50029108622894, 66.38637792147257], "std": [0.0, 0.38104887069806936, 0.05126643297114921, 0.11682704826025175, 0.0946823306505926, 0.13446562152646746, 0.26048752216708343, 0.1044124015501555, 0.14239611123023513, 0.13336777799770538, 0.1384269667172236, 0.1580313596166502, 0.15631242928011752, 0.12313974682328375, 0.10715191170328082, 0.09767102667796691, 0.11880183618428147, 0.114352920676112, 0.06934828883209251, 0.33546193982554623, 0.07778808764476886]}