{
"mmap": [57.61278566119212, 63.81219681925843, 65.93575795453191, 67.21557411337417, 68.16239138495477, 69.25367693451167, 70.91869803699063, 71.41314099625122, 71.66254447466899, 71.88868524816277, 72.20193507636694, 72.43114744255783, 72.55179943057007, 72.83121027361246, 72.90181495001181, 72.97123323992247, 73.01497981459293, 73.05189029932392, 73.09613294273412, 73.15320205106362, 73.21153242442483], "std": [0.0, 0.5165662893414515, 0.5183714472649837, 0.6732456951986716, 0.39553104758610363, 0.6534206098089786, 0.4170070935316205, 0.5010522658642661, 0.3975169069124363, 0.586128178491351, 0.36389623129459275, 0.31808825878602637, 0.19985068220276797, 0.1249785011215748, 0.1248938361398085, 0.12319454308553236, 0.12405332409580389, 0.12317650965380472, 0.10320810067679223, 0.030987831534917704, 0.038808326002225314]}
