{"mmap": 
 [
      61.158638623097396,
      61.429898866001324,
      61.62111127191834,
      61.71465107161055,
      61.90700292266729,
      62.03047056574169,
      62.076073091588526,
      62.15108149478387,
      62.249687342131736,
      62.297587254686576,
      62.324489046345775,
      62.52503551210454,
      62.58864670200982,
      62.599423225752616,
      62.74577335363712,
      62.80016488772119,
      62.82929452730262,
      62.80312960701573,
      62.83639055070282,
      62.76400635762228
    ],
"std": 
[
      0.2405890575285453,
      0.34204070631432004,
      0.27378058842521863,
      0.19149552835511516,
      0.3692320196565331,
      0.4174957174813091,
      0.32906224764847125,
      0.34957301382736233,
      0.36536367318092183,
      0.35624777130139185,
      0.3241222774956782,
      0.19166358676684697,
      0.17542603738149407,
      0.17635232657965122,
      0.06910660061473803,
      0.11326155285245469,
      0.10712884020751359,
      0.16285881956738424,
      0.16790536230603909,
      0.17279198020412984
    ]
}
