{"mmap": [61.82010905712916, 66.77232412912174, 70.06353029107395, 70.95186430738018, 71.73571955421866, 72.7104661068306, 74.08378062919958, 74.81894609231998, 75.0533912138376, 75.24376741374087, 75.48152177653716, 75.91324938479777, 76.00280835857063, 76.16912816365713, 76.35644433836191, 76.45962627558075, 76.48094359560123, 76.55328355932932, 76.68402111904933, 76.75417054202806, 76.9331678656039], "std": [0.0, 0.6866897129047551, 0.3705428978133443, 0.4784531358253318, 0.6169358550345214, 0.6281133060879284, 0.7010015074684931, 0.31276707155256417, 0.4088819294570674, 0.5105631194566337, 0.38728922417161094, 0.08419054511683817, 0.13126430515432405, 0.06410564291302481, 0.09920873087113677, 0.12663038873903054, 0.13781236663775065, 0.13437495750562392, 0.12113136246616932, 0.20083197488015322, 0.2653559585726725]}