{"point_0": {"map": [80.95778434561176, 44.0488907081115, 42.27996140493983, 75.7083204757711, 80.67516107620878, 67.0634183620995, 58.755620099935115, 64.98589130168078, 64.30938097179481], "tp": [2088.0, 257.0, 17762.0, 3632.0, 8017.0, 1403.0, 452.0, 56.0, 4208.375], "fp": [1011.0, 2350.0, 15582.0, 6956.0, 4943.0, 1482.0, 1042.0, 151.0, 4189.625]}, "point_1": {"map": [80.95778434561176, 44.0488907081115, 42.27996140493983, 75.7083204757711, 80.67516107620878, 67.0634183620995, 58.755620099935115, 64.98589130168078, 64.30938097179481], "tp": [2088.0, 257.0, 17762.0, 3632.0, 8017.0, 1403.0, 452.0, 56.0, 4208.375], "fp": [1011.0, 2350.0, 15582.0, 6956.0, 4943.0, 1482.0, 1042.0, 151.0, 4189.625]}, "point_2": {"map": [80.95778434561176, 44.0488907081115, 42.27996140493983, 75.7083204757711, 80.67516107620878, 67.0634183620995, 58.755620099935115, 64.98589130168078, 64.30938097179481], "tp": [2088.0, 257.0, 17762.0, 3632.0, 8017.0, 1403.0, 452.0, 56.0, 4208.375], "fp": [1011.0, 2350.0, 15582.0, 6956.0, 4943.0, 1482.0, 1042.0, 151.0, 4189.625]}, "point_3": {"map": [80.95778434561176, 44.0488907081115, 42.27996140493983, 75.7083204757711, 80.67516107620878, 67.0634183620995, 58.755620099935115, 64.98589130168078, 64.30938097179481], "tp": [2088.0, 257.0, 17762.0, 3632.0, 8017.0, 1403.0, 452.0, 56.0, 4208.375], "fp": [1011.0, 2350.0, 15582.0, 6956.0, 4943.0, 1482.0, 1042.0, 151.0, 4189.625]}, "point_4": {"map": [80.95778434561176, 44.0488907081115, 42.27996140493983, 75.7083204757711, 80.67516107620878, 67.0634183620995, 58.755620099935115, 64.98589130168078, 64.30938097179481], "tp": [2088.0, 257.0, 17762.0, 3632.0, 8017.0, 1403.0, 452.0, 56.0, 4208.375], "fp": [1011.0, 2350.0, 15582.0, 6956.0, 4943.0, 1482.0, 1042.0, 151.0, 4189.625]}, "point_5": {"map": [80.95778434561176, 44.0488907081115, 42.27996140493983, 75.7083204757711, 80.67516107620878, 67.0634183620995, 58.755620099935115, 64.98589130168078, 64.30938097179481], "tp": [2088.0, 257.0, 17762.0, 3632.0, 8017.0, 1403.0, 452.0, 56.0, 4208.375], "fp": [1011.0, 2350.0, 15582.0, 6956.0, 4943.0, 1482.0, 1042.0, 151.0, 4189.625]}, "point_6": {"map": [80.95778434561176, 44.0488907081115, 42.27996140493983, 75.7083204757711, 80.67516107620878, 67.0634183620995, 58.755620099935115, 64.98589130168078, 64.30938097179481], "tp": [2088.0, 257.0, 17762.0, 3632.0, 8017.0, 1403.0, 452.0, 56.0, 4208.375], "fp": [1011.0, 2350.0, 15582.0, 6956.0, 4943.0, 1482.0, 1042.0, 151.0, 4189.625]}, "point_7": {"map": [80.95778434561176, 44.0488907081115, 42.27996140493983, 75.7083204757711, 80.67516107620878, 67.0634183620995, 58.755620099935115, 64.98589130168078, 64.30938097179481], "tp": [2088.0, 257.0, 17762.0, 3632.0, 8017.0, 1403.0, 452.0, 56.0, 4208.375], "fp": [1011.0, 2350.0, 15582.0, 6956.0, 4943.0, 1482.0, 1042.0, 151.0, 4189.625]}, "point_8": {"map": [80.95778434561176, 44.0488907081115, 42.27996140493983, 75.7083204757711, 80.67516107620878, 67.0634183620995, 58.755620099935115, 64.98589130168078, 64.30938097179481], "tp": [2088.0, 257.0, 17762.0, 3632.0, 8017.0, 1403.0, 452.0, 56.0, 4208.375], "fp": [1011.0, 2350.0, 15582.0, 6956.0, 4943.0, 1482.0, 1042.0, 151.0, 4189.625]}, "point_9": {"map": [80.95778434561176, 44.0488907081115, 42.27996140493983, 75.7083204757711, 80.67516107620878, 67.0634183620995, 58.755620099935115, 64.98589130168078, 64.30938097179481], "tp": [2088.0, 257.0, 17762.0, 3632.0, 8017.0, 1403.0, 452.0, 56.0, 4208.375], "fp": [1011.0, 2350.0, 15582.0, 6956.0, 4943.0, 1482.0, 1042.0, 151.0, 4189.625]}, "point_10": {"map": [80.95778434561176, 44.0488907081115, 42.27996140493983, 75.7083204757711, 80.67516107620878, 67.0634183620995, 58.755620099935115, 64.98589130168078, 64.30938097179481], "tp": [2088.0, 257.0, 17762.0, 3632.0, 8017.0, 1403.0, 452.0, 56.0, 4208.375], "fp": [1011.0, 2350.0, 15582.0, 6956.0, 4943.0, 1482.0, 1042.0, 151.0, 4189.625]}, "point_11": {"map": [80.95778434561176, 44.0488907081115, 42.27996140493983, 75.7083204757711, 80.67516107620878, 67.0634183620995, 58.755620099935115, 64.98589130168078, 64.30938097179481], "tp": [2088.0, 257.0, 17762.0, 3632.0, 8017.0, 1403.0, 452.0, 56.0, 4208.375], "fp": [1011.0, 2350.0, 15582.0, 6956.0, 4943.0, 1482.0, 1042.0, 151.0, 4189.625]}, "point_12": {"map": [80.95778434561176, 44.0488907081115, 42.27996140493983, 75.7083204757711, 80.67516107620878, 67.0634183620995, 58.755620099935115, 64.98589130168078, 64.30938097179481], "tp": [2088.0, 257.0, 17762.0, 3632.0, 8017.0, 1403.0, 452.0, 56.0, 4208.375], "fp": [1011.0, 2350.0, 15582.0, 6956.0, 4943.0, 1482.0, 1042.0, 151.0, 4189.625]}, "point_13": {"map": [80.95778434561176, 44.0488907081115, 42.27996140493983, 75.7083204757711, 80.67516107620878, 67.0634183620995, 58.755620099935115, 64.98589130168078, 64.30938097179481], "tp": [2088.0, 257.0, 17762.0, 3632.0, 8017.0, 1403.0, 452.0, 56.0, 4208.375], "fp": [1011.0, 2350.0, 15582.0, 6956.0, 4943.0, 1482.0, 1042.0, 151.0, 4189.625]}, "point_14": {"map": [80.95778434561176, 44.0488907081115, 42.27996140493983, 75.7083204757711, 80.67516107620878, 67.0634183620995, 58.755620099935115, 64.98589130168078, 64.30938097179481], "tp": [2088.0, 257.0, 17762.0, 3632.0, 8017.0, 1403.0, 452.0, 56.0, 4208.375], "fp": [1011.0, 2350.0, 15582.0, 6956.0, 4943.0, 1482.0, 1042.0, 151.0, 4189.625]}, "point_15": {"map": [80.95778434561176, 44.0488907081115, 42.27996140493983, 75.7083204757711, 80.67516107620878, 67.0634183620995, 58.755620099935115, 64.98589130168078, 64.30938097179481], "tp": [2088.0, 257.0, 17762.0, 3632.0, 8017.0, 1403.0, 452.0, 56.0, 4208.375], "fp": [1011.0, 2350.0, 15582.0, 6956.0, 4943.0, 1482.0, 1042.0, 151.0, 4189.625]}, "point_16": {"map": [80.95778434561176, 44.0488907081115, 42.27996140493983, 75.7083204757711, 80.67516107620878, 67.0634183620995, 58.755620099935115, 64.98589130168078, 64.30938097179481], "tp": [2088.0, 257.0, 17762.0, 3632.0, 8017.0, 1403.0, 452.0, 56.0, 4208.375], "fp": [1011.0, 2350.0, 15582.0, 6956.0, 4943.0, 1482.0, 1042.0, 151.0, 4189.625]}, "point_17": {"map": [80.95778434561176, 44.0488907081115, 42.27996140493983, 75.7083204757711, 80.67516107620878, 67.0634183620995, 58.755620099935115, 64.98589130168078, 64.30938097179481], "tp": [2088.0, 257.0, 17762.0, 3632.0, 8017.0, 1403.0, 452.0, 56.0, 4208.375], "fp": [1011.0, 2350.0, 15582.0, 6956.0, 4943.0, 1482.0, 1042.0, 151.0, 4189.625]}, "point_18": {"map": [80.95778434561176, 44.0488907081115, 42.27996140493983, 75.7083204757711, 80.67516107620878, 67.0634183620995, 58.755620099935115, 64.98589130168078, 64.30938097179481], "tp": [2088.0, 257.0, 17762.0, 3632.0, 8017.0, 1403.0, 452.0, 56.0, 4208.375], "fp": [1011.0, 2350.0, 15582.0, 6956.0, 4943.0, 1482.0, 1042.0, 151.0, 4189.625]}, "point_19": {"map": [80.95778434561176, 44.0488907081115, 42.27996140493983, 75.7083204757711, 80.67516107620878, 67.0634183620995, 58.755620099935115, 64.98589130168078, 64.30938097179481], "tp": [2088.0, 257.0, 17762.0, 3632.0, 8017.0, 1403.0, 452.0, 56.0, 4208.375], "fp": [1011.0, 2350.0, 15582.0, 6956.0, 4943.0, 1482.0, 1042.0, 151.0, 4189.625]}, "point_20": {"map": [80.95778434561176, 44.0488907081115, 42.27996140493983, 75.7083204757711, 80.67516107620878, 67.0634183620995, 58.755620099935115, 64.98589130168078, 64.30938097179481], "tp": [2088.0, 257.0, 17762.0, 3632.0, 8017.0, 1403.0, 452.0, 56.0, 4208.375], "fp": [1011.0, 2350.0, 15582.0, 6956.0, 4943.0, 1482.0, 1042.0, 151.0, 4189.625]}}